Nombre,Contrase√±a,Edad,Salario,Genero
Juan,arboles000,53,1868907,No binario
Jorge,admin123,28,1128933,No binario
Jorge,admin123,45,1526057,Femenino
Juan,admin123,55,1535781,Femenino
Sara,arboles000,57,232903,No binario
Juan,admin123,22,943534,No binario
Jorge,admin123,18,1406418,Femenino
Jorge,arboles000,61,933606,No binario
Sara,admin123,19,304838,No binario
Sara,arboles000,18,1599802,Femenino
Andrea,admin123,24,1315403,No binario
Andrea,admin123,27,1534248,No binario
Sara,arboles000,47,681263,Masculino
Juan,admin123,30,1088231,Femenino
Juan,arboles000,18,926422,Masculino
Andrea,admin123,40,155700,No binario
Sara,arboles000,54,1367500,No binario
Andrea,admin123,58,1352528,Femenino
Jorge,admin123,52,906142,No binario
Sara,arboles000,34,618605,No binario
Sara,admin123,60,1701476,Masculino
Sara,arboles000,57,363053,Femenino
Sara,admin123,37,309805,Femenino
Jorge,arboles000,42,432396,Masculino
Juan,admin123,52,1571330,Masculino
Juan,arboles000,21,1637457,Masculino
Sara,admin123,21,1095361,Masculino
Jorge,arboles000,22,462394,No binario
Jorge,arboles000,47,1681220,Femenino
Jorge,arboles000,47,1134462,No binario
Andrea,arboles000,29,1851772,No binario
Andrea,admin123,18,145588,Femenino
Sara,admin123,25,709224,Masculino
Jorge,admin123,44,68728,No binario
Andrea,arboles000,41,1635635,Masculino
Juan,admin123,42,1142436,No binario
Andrea,admin123,58,1240777,Masculino
Sara,admin123,41,309023,Femenino
Sara,arboles000,32,1099281,No binario
Juan,arboles000,19,1976086,Masculino
Andrea,admin123,57,756998,Femenino
Jorge,arboles000,49,905580,Masculino
Jorge,admin123,26,959001,Masculino
Andrea,arboles000,62,377738,Femenino
Jorge,admin123,49,344496,Femenino
Juan,admin123,41,1926140,Masculino
Juan,admin123,29,985996,Masculino
Juan,admin123,21,1014509,No binario
Juan,arboles000,44,572052,Femenino
Jorge,admin123,57,247042,Femenino
Jorge,admin123,26,353911,Masculino
Sara,arboles000,25,191490,Masculino
Sara,arboles000,25,1267744,Masculino
Andrea,arboles000,46,1195456,No binario
Jorge,arboles000,26,923002,Masculino
Jorge,arboles000,54,580033,Femenino
Sara,arboles000,39,246769,Femenino
Jorge,arboles000,26,175168,Femenino
Juan,admin123,25,1925963,Masculino
Jorge,admin123,58,1457943,Masculino
Juan,admin123,55,1112372,Masculino
Sara,arboles000,62,948335,Femenino
Juan,admin123,48,1175942,Femenino
Sara,admin123,39,1466652,Masculino
Sara,admin123,50,1274663,Masculino
Andrea,admin123,47,973014,Femenino
Juan,arboles000,49,1743395,Femenino
Andrea,arboles000,41,1838815,Masculino
Andrea,admin123,38,899394,Femenino
Andrea,admin123,33,58486,Femenino
Sara,arboles000,55,66167,No binario
Sara,arboles000,62,1895922,Masculino
Sara,admin123,19,3024,Masculino
Juan,arboles000,38,1385186,No binario
Sara,admin123,31,1102091,Masculino
Jorge,arboles000,59,67243,Femenino
Andrea,admin123,45,1331054,Masculino
Andrea,admin123,46,1635699,No binario
Jorge,arboles000,43,1232915,Femenino
Andrea,admin123,20,1343731,Femenino
Andrea,admin123,54,372193,Masculino
Juan,arboles000,42,74320,Masculino
Jorge,arboles000,24,1601472,No binario
Sara,arboles000,42,1097561,No binario
Andrea,admin123,26,636839,Femenino
Andrea,arboles000,45,1628059,Masculino
Juan,admin123,26,1029031,Femenino
Andrea,admin123,57,13950,No binario
Andrea,arboles000,38,150800,Masculino
Sara,arboles000,25,999231,Masculino
Jorge,admin123,24,246793,Masculino
Sara,admin123,60,10270,Femenino
Andrea,admin123,54,1096924,Masculino
Sara,admin123,42,1284590,Femenino
Andrea,admin123,27,75445,Femenino
Sara,admin123,44,481507,No binario
Sara,admin123,37,1528570,Masculino
Jorge,admin123,52,1173780,Masculino
Jorge,arboles000,58,909619,No binario
Juan,admin123,22,1833850,Femenino
